"Symbol","Series","Date","Prev Close","Open Price","High Price","Low Price","Last Price","Close Price","Average Price","Total Traded Quantity","Turnover in Lacs","No. of Trades","Deliverable Qty","% Dly Qt to Traded Qty"
"KOTAKBANK","EQ","12-Oct-2015","        659.50","        661.15","        669.70","        656.30","        661.00","        662.05","        664.59","     606173","       4028.54","      11778","     199306","         32.88"
"KOTAKBANK","EQ","13-Oct-2015","        662.05","        660.60","        664.75","        651.00","        657.50","        656.05","        656.03","     456531","       2994.98","       8209","     188667","         41.33"
"KOTAKBANK","EQ","14-Oct-2015","        656.05","        656.00","        662.50","        651.00","        651.05","        652.85","        657.08","     654482","       4300.46","       8296","     268821","         41.07"
"KOTAKBANK","EQ","15-Oct-2015","        652.85","        655.50","        664.00","        652.15","        654.05","        653.45","        656.47","     849035","       5573.70","       8777","     440440","         51.88"
"KOTAKBANK","EQ","16-Oct-2015","        653.45","        651.50","        662.00","        645.15","        661.00","        659.30","        653.72","     912296","       5963.90","      14034","     424033","         46.48"
"KOTAKBANK","EQ","19-Oct-2015","        659.30","        659.95","        663.00","        653.45","        657.20","        658.35","        657.48","     655123","       4307.32","      10251","     300407","         45.86"
"KOTAKBANK","EQ","20-Oct-2015","        658.35","        659.00","        661.85","        647.00","        652.00","        654.05","        653.00","     964026","       6295.08","      14835","     305141","         31.65"
"KOTAKBANK","EQ","21-Oct-2015","        654.05","        653.95","        660.00","        650.05","        655.70","        656.60","        654.77","    1116109","       7307.97","      17466","     493476","         44.21"
"KOTAKBANK","EQ","23-Oct-2015","        656.60","        664.00","        668.00","        660.25","        664.25","        665.20","        664.00","     861832","       5722.56","      16729","     414295","         48.07"
"KOTAKBANK","EQ","26-Oct-2015","        665.20","        668.85","        669.00","        654.60","        661.95","        661.90","        660.67","     578519","       3822.08","       9263","     235367","         40.68"
"KOTAKBANK","EQ","27-Oct-2015","        661.90","        661.50","        666.00","        657.30","        662.15","        660.45","        662.00","     600518","       3975.42","       8290","     273743","         45.58"
"KOTAKBANK","EQ","28-Oct-2015","        660.45","        658.70","        677.00","        657.95","        673.30","        671.45","        672.59","    1506140","      10130.07","      27530","     574444","         38.14"
"KOTAKBANK","EQ","29-Oct-2015","        671.45","        673.00","        675.00","        660.85","        664.00","        664.00","        666.92","    1849449","      12334.32","      27212","     764577","         41.34"
"KOTAKBANK","EQ","30-Oct-2015","        664.00","        664.90","        693.80","        661.65","        687.50","        687.65","        682.68","    4415610","      30144.44","      63279","    1350755","         30.59"
"KOTAKBANK","EQ","02-Nov-2015","        687.65","        688.00","        689.00","        680.00","        685.00","        686.50","        685.12","     932811","       6390.88","      18429","     414134","         44.40"
"KOTAKBANK","EQ","03-Nov-2015","        686.50","        688.10","        690.00","        675.70","        681.75","        683.10","        684.18","    1076363","       7364.31","      16051","     464432","         43.15"
"KOTAKBANK","EQ","04-Nov-2015","        683.10","        687.50","        688.95","        670.00","        670.80","        672.85","        679.13","     437218","       2969.29","       8494","     161202","         36.87"
"KOTAKBANK","EQ","05-Nov-2015","        672.85","        671.90","        671.90","        647.90","        652.85","        650.60","        657.74","     931220","       6125.05","      15349","     424561","         45.59"
"KOTAKBANK","EQ","06-Nov-2015","        650.60","        648.50","        665.50","        647.15","        665.00","        656.50","        654.40","     569044","       3723.85","      11920","     214799","         37.75"
"KOTAKBANK","EQ","09-Nov-2015","        656.50","        643.10","        663.70","        634.65","        658.90","        660.10","        648.66","    1169502","       7586.05","      24399","     494250","         42.26"
"KOTAKBANK","EQ","10-Nov-2015","        660.10","        653.10","        658.05","        645.00","        648.25","        646.85","        649.25","     652634","       4237.20","       9290","     334795","         51.30"
"KOTAKBANK","EQ","11-Nov-2015","        646.85","        657.00","        659.70","        653.75","        655.40","        655.55","        655.89","     155241","       1018.21","       3642","      50900","         32.79"
"KOTAKBANK","EQ","13-Nov-2015","        655.55","        653.40","        673.85","        647.00","        669.00","        669.60","        666.22","     888356","       5918.41","      20276","     365892","         41.19"
"KOTAKBANK","EQ","16-Nov-2015","        669.60","        666.00","        689.50","        666.00","        677.55","        679.10","        681.10","    1111593","       7571.02","      17459","     462482","         41.61"
"KOTAKBANK","EQ","17-Nov-2015","        679.10","        680.80","        681.00","        672.50","        677.00","        677.15","        676.70","     471769","       3192.44","       8165","     152572","         32.34"
"KOTAKBANK","EQ","18-Nov-2015","        677.15","        671.05","        682.90","        667.65","        669.60","        672.80","        675.29","     702561","       4744.35","       9737","     285142","         40.59"
"KOTAKBANK","EQ","19-Nov-2015","        672.80","        675.95","        684.00","        670.05","        681.50","        682.10","        678.88","     635557","       4314.69","      12353","     220262","         34.66"
"KOTAKBANK","EQ","20-Nov-2015","        682.10","        680.05","        692.65","        678.55","        682.15","        682.30","        687.42","    1021787","       7023.94","      16587","     462597","         45.27"
"KOTAKBANK","EQ","23-Nov-2015","        682.30","        688.40","        694.00","        680.00","        683.00","        684.10","        686.41","     588043","       4036.36","      11999","     154810","         26.33"
"KOTAKBANK","EQ","24-Nov-2015","        684.10","        683.10","        685.30","        675.30","        679.50","        677.60","        680.26","     458845","       3121.32","       8950","     178284","         38.85"
"KOTAKBANK","EQ","26-Nov-2015","        677.60","        680.10","        687.50","        676.30","        686.30","        685.20","        681.49","     467400","       3185.28","       9313","     140733","         30.11"
"KOTAKBANK","EQ","27-Nov-2015","        685.20","        685.20","        702.95","        683.00","        697.00","        698.75","        696.12","    1230913","       8568.64","      26373","     541585","         44.00"
"KOTAKBANK","EQ","30-Nov-2015","        698.75","        697.70","        697.70","        688.70","        692.00","        692.35","        692.60","     680738","       4714.79","      22679","     287554","         42.24"
"KOTAKBANK","EQ","01-Dec-2015","        692.35","        693.50","        695.50","        686.60","        691.00","        688.60","        690.40","     435334","       3005.54","       9674","     127488","         29.29"
"KOTAKBANK","EQ","02-Dec-2015","        688.60","        691.00","        692.35","        677.00","        678.00","        680.45","        681.70","     389654","       2656.29","       8925","     118422","         30.39"
"KOTAKBANK","EQ","03-Dec-2015","        680.45","        676.00","        683.50","        670.90","        673.50","        674.80","        678.13","     400981","       2719.19","       9351","     105959","         26.42"
"KOTAKBANK","EQ","04-Dec-2015","        674.80","        671.90","        675.35","        661.00","        661.75","        664.65","        667.92","    1263578","       8439.65","      13788","     897285","         71.01"
"KOTAKBANK","EQ","07-Dec-2015","        664.65","        664.95","        673.80","        664.00","        672.00","        671.60","        668.98","     451691","       3021.70","       9255","     187220","         41.45"
"KOTAKBANK","EQ","08-Dec-2015","        671.60","        668.00","        678.00","        667.05","        673.05","        674.00","        673.91","     691564","       4660.49","      14336","     425768","         61.57"
"KOTAKBANK","EQ","09-Dec-2015","        674.00","        672.70","        676.60","        665.80","        670.00","        668.60","        669.38","     297119","       1988.86","       7415","     112658","         37.92"
"KOTAKBANK","EQ","10-Dec-2015","        668.60","        669.40","        680.55","        665.00","        679.00","        677.90","        674.04","     616494","       4155.43","      14990","     233164","         37.82"
"KOTAKBANK","EQ","11-Dec-2015","        677.90","        682.00","        682.00","        663.90","        665.00","        667.70","        670.48","     572988","       3841.75","      18305","     234220","         40.88"
"KOTAKBANK","EQ","14-Dec-2015","        667.70","        663.90","        677.50","        663.00","        677.50","        674.10","        672.45","     871886","       5863.04","      23746","     501595","         57.53"
"KOTAKBANK","EQ","15-Dec-2015","        674.10","        673.95","        688.90","        667.50","        684.60","        686.60","        679.79","    1056697","       7183.29","      23961","     691257","         65.42"
"KOTAKBANK","EQ","16-Dec-2015","        686.60","        689.90","        697.00","        684.00","        697.00","        694.50","        692.68","    1193181","       8264.94","      22403","     776084","         65.04"
"KOTAKBANK","EQ","17-Dec-2015","        694.50","        696.90","        705.00","        688.40","        700.55","        703.20","        698.88","    1441821","      10076.55","      19911","     815964","         56.59"
"KOTAKBANK","EQ","18-Dec-2015","        703.20","        698.65","        706.00","        693.05","        705.50","        702.45","        698.93","    1124253","       7857.78","      17215","     802041","         71.34"
"KOTAKBANK","EQ","21-Dec-2015","        702.45","        702.00","        708.00","        699.00","        703.00","        705.90","        704.22","     834005","       5873.22","      23415","     398034","         47.73"
"KOTAKBANK","EQ","22-Dec-2015","        705.90","        705.80","        705.90","        694.30","        699.00","        698.20","        699.69","     744406","       5208.53","      26798","     385355","         51.77"
"KOTAKBANK","EQ","23-Dec-2015","        698.20","        701.70","        705.00","        696.40","        704.35","        702.55","        702.60","     439560","       3088.34","      11220","     229967","         52.32"
"KOTAKBANK","EQ","24-Dec-2015","        702.55","        701.00","        704.40","        697.00","        703.50","        701.35","        699.98","     484103","       3388.61","      22700","     183347","         37.87"
"KOTAKBANK","EQ","28-Dec-2015","        701.35","        699.05","        713.45","        698.40","        707.25","        708.00","        708.22","    1050620","       7440.73","      14657","     693265","         65.99"
"KOTAKBANK","EQ","29-Dec-2015","        708.00","        708.00","        714.50","        705.00","        706.15","        706.20","        708.81","    1091896","       7739.52","      16287","     538829","         49.35"
"KOTAKBANK","EQ","30-Dec-2015","        706.20","        708.00","        710.50","        704.50","        708.10","        709.15","        707.09","     467293","       3304.19","      14145","     279735","         59.86"
"KOTAKBANK","EQ","31-Dec-2015","        709.15","        706.15","        723.85","        706.15","        715.80","        720.05","        714.88","    1164210","       8322.67","      19248","     550923","         47.32"
"KOTAKBANK","EQ","01-Jan-2016","        720.05","        720.00","        729.85","        711.25","        728.00","        727.25","        721.82","     622438","       4492.86","       9458","     358207","         57.55"
"KOTAKBANK","EQ","04-Jan-2016","        727.25","        727.00","        727.00","        703.85","        704.70","        705.30","        710.25","    1222447","       8682.46","      23149","     755455","         61.80"
"KOTAKBANK","EQ","05-Jan-2016","        705.30","        708.10","        712.80","        705.00","        705.35","        707.75","        709.41","     689842","       4893.78","      12975","     386323","         56.00"
"KOTAKBANK","EQ","06-Jan-2016","        707.75","        704.00","        711.00","        697.00","        703.90","        703.60","        704.94","     601664","       4241.39","      14026","     207975","         34.57"
"KOTAKBANK","EQ","07-Jan-2016","        703.60","        697.50","        703.00","        689.15","        693.95","        691.65","        695.64","     632696","       4401.30","      15240","     244129","         38.59"
"KOTAKBANK","EQ","08-Jan-2016","        691.65","        694.20","        704.00","        693.55","        695.00","        695.10","        698.63","     446029","       3116.11","       9487","     192884","         43.24"
"KOTAKBANK","EQ","11-Jan-2016","        695.10","        690.00","        704.75","        681.00","        701.50","        700.85","        694.14","     577659","       4009.78","      17480","     213417","         36.95"
"KOTAKBANK","EQ","12-Jan-2016","        700.85","        699.90","        700.70","        684.55","        693.30","        692.00","        690.17","     834020","       5756.19","      23947","     420395","         50.41"
"KOTAKBANK","EQ","13-Jan-2016","        692.00","        698.05","        700.65","        682.25","        689.65","        689.15","        691.13","     673206","       4652.73","      14884","     232180","         34.49"
"KOTAKBANK","EQ","14-Jan-2016","        689.15","        682.00","        690.95","        673.00","        679.90","        684.10","        682.28","     890445","       6075.36","      19379","     390150","         43.82"
"KOTAKBANK","EQ","15-Jan-2016","        684.10","        679.40","        689.10","        671.00","        671.90","        675.60","        681.15","    1088741","       7415.95","      22206","     700598","         64.35"
"KOTAKBANK","EQ","18-Jan-2016","        675.60","        676.00","        686.80","        663.10","        667.10","        667.40","        675.67","    2206808","      14910.70","      36684","     616396","         27.93"
"KOTAKBANK","EQ","19-Jan-2016","        667.40","        670.05","        676.00","        663.55","        668.00","        668.70","        669.53","    1105205","       7399.72","      25074","     520542","         47.10"
"KOTAKBANK","EQ","20-Jan-2016","        668.70","        660.00","        700.00","        652.60","        662.00","        662.65","        659.66","     710377","       4686.04","      19101","     320252","         45.08"
"KOTAKBANK","EQ","21-Jan-2016","        662.65","        671.50","        677.15","        651.00","        660.15","        660.85","        661.42","     850780","       5627.19","      20813","     341636","         40.16"
"KOTAKBANK","EQ","22-Jan-2016","        660.85","        671.00","        689.00","        664.20","        680.30","        683.05","        681.96","    1001784","       6831.78","      23795","     542476","         54.15"
"KOTAKBANK","EQ","25-Jan-2016","        683.05","        685.00","        685.00","        674.50","        680.00","        681.00","        680.11","     706865","       4807.48","      19280","     197221","         27.90"
"KOTAKBANK","EQ","27-Jan-2016","        681.00","        680.00","        682.40","        666.35","        674.00","        674.60","        674.13","     655762","       4420.67","      22088","     250670","         38.23"
"KOTAKBANK","EQ","28-Jan-2016","        674.60","        675.00","        680.00","        660.25","        664.50","        663.25","        667.94","    1468731","       9810.30","      17704","     867942","         59.09"
"KOTAKBANK","EQ","29-Jan-2016","        663.25","        664.50","        686.00","        664.50","        683.15","        683.60","        673.11","    1645577","      11076.60","      14116","    1211615","         73.63"
"KOTAKBANK","EQ","01-Feb-2016","        683.60","        683.15","        691.00","        679.50","        687.90","        687.70","        687.64","     592570","       4074.74","       9373","     237803","         40.13"
"KOTAKBANK","EQ","02-Feb-2016","        687.70","        687.00","        691.00","        671.50","        674.45","        677.15","        684.76","     601307","       4117.53","      12282","     200062","         33.27"
"KOTAKBANK","EQ","03-Feb-2016","        677.15","        672.00","        672.00","        661.70","        664.00","        665.55","        666.51","    1207032","       8045.02","      21029","     782326","         64.81"
"KOTAKBANK","EQ","04-Feb-2016","        665.55","        670.40","        680.80","        668.65","        677.10","        676.25","        676.16","     482546","       3262.79","      12154","     143393","         29.72"
"KOTAKBANK","EQ","05-Feb-2016","        676.25","        677.00","        697.30","        675.45","        693.00","        692.00","        690.12","    1868377","      12894.11","      22535","    1342143","         71.83"
"KOTAKBANK","EQ","08-Feb-2016","        692.00","        694.75","        694.75","        670.30","        671.00","        673.10","        684.10","     573936","       3926.30","      11449","     218459","         38.06"
"KOTAKBANK","EQ","09-Feb-2016","        673.10","        667.95","        680.00","        662.35","        678.10","        677.05","        670.17","     897961","       6017.84","      28058","     286908","         31.95"
"KOTAKBANK","EQ","10-Feb-2016","        677.05","        677.00","        679.95","        661.15","        667.10","        667.35","        667.33","     996355","       6649.01","      27966","     455551","         45.72"
"KOTAKBANK","EQ","11-Feb-2016","        667.35","        667.00","        667.00","        625.00","        630.00","        628.95","        643.08","    1585567","      10196.53","      44903","     792705","         50.00"
"KOTAKBANK","EQ","12-Feb-2016","        628.95","        630.00","        637.00","        613.70","        620.45","        622.00","        626.06","    1300513","       8142.03","      35114","     482492","         37.10"
"KOTAKBANK","EQ","15-Feb-2016","        622.00","        627.00","        636.40","        622.05","        622.05","        625.25","        629.51","    1276295","       8034.42","      42429","     733125","         57.44"
"KOTAKBANK","EQ","16-Feb-2016","        625.25","        629.90","        630.00","        615.00","        620.00","        620.25","        621.18","     740669","       4600.89","      20958","     286144","         38.63"
"KOTAKBANK","EQ","17-Feb-2016","        620.25","        619.00","        629.90","        610.00","        626.60","        625.30","        617.44","     955916","       5902.18","      36633","     346920","         36.29"
"KOTAKBANK","EQ","18-Feb-2016","        625.30","        630.00","        637.75","        624.15","        636.95","        635.55","        631.51","     849665","       5365.73","      13514","     315566","         37.14"
"KOTAKBANK","EQ","19-Feb-2016","        635.55","        632.55","        639.90","        625.30","        631.90","        631.20","        631.50","     586848","       3705.94","      11412","     131223","         22.36"
"KOTAKBANK","EQ","22-Feb-2016","        631.20","        634.00","        642.20","        632.15","        639.50","        640.20","        638.21","     444582","       2837.39","       8718","     141013","         31.72"
"KOTAKBANK","EQ","23-Feb-2016","        640.20","        639.00","        639.00","        620.00","        621.05","        623.00","        625.49","     635282","       3973.65","      17662","     239796","         37.75"
"KOTAKBANK","EQ","24-Feb-2016","        623.00","        620.35","        629.95","        616.50","        617.95","        618.75","        620.67","     669471","       4155.18","      10655","     268180","         40.06"
"KOTAKBANK","EQ","25-Feb-2016","        618.75","        621.00","        621.50","        604.50","        609.00","        606.85","        610.75","    1023867","       6253.25","      15851","     505793","         49.40"
"KOTAKBANK","EQ","26-Feb-2016","        606.85","        614.00","        621.40","        606.60","        615.90","        615.75","        616.17","     586436","       3613.47","      10908","     220003","         37.52"
"KOTAKBANK","EQ","29-Feb-2016","        615.75","        615.00","        640.35","        585.75","        632.10","        630.40","        623.43","    2099387","      13088.23","      31219","     995297","         47.41"
"KOTAKBANK","EQ","01-Mar-2016","        630.40","        620.00","        641.20","        620.00","        640.40","        638.45","        635.61","    1980463","      12587.93","      33999","     814800","         41.14"
"KOTAKBANK","EQ","02-Mar-2016","        638.45","        647.25","        659.95","        641.70","        656.80","        656.30","        653.08","    1243691","       8122.35","      27870","     471248","         37.89"
"KOTAKBANK","EQ","03-Mar-2016","        656.30","        658.00","        661.50","        649.95","        657.00","        657.65","        655.69","     922424","       6048.22","      16855","     386465","         41.90"
"KOTAKBANK","EQ","04-Mar-2016","        657.65","        658.00","        669.85","        645.00","        667.20","        665.65","        656.51","     716481","       4703.75","      11843","     163951","         22.88"
"KOTAKBANK","EQ","08-Mar-2016","        665.65","        664.95","        665.80","        648.05","        651.40","        650.55","        654.65","     663558","       4343.99","      10926","     336700","         50.74"
"KOTAKBANK","EQ","09-Mar-2016","        650.55","        649.95","        664.15","        647.70","        658.45","        659.90","        656.97","     812862","       5340.28","      14693","     248142","         30.53"
"KOTAKBANK","EQ","10-Mar-2016","        659.90","        670.00","        670.00","        651.10","        656.50","        654.60","        658.44","    3566707","      23484.73","      56243","    2892486","         81.10"
"KOTAKBANK","EQ","11-Mar-2016","        654.60","        657.00","        659.10","        640.50","        644.00","        642.65","        649.34","    4293624","      27880.19","      54526","    3149782","         73.36"
"KOTAKBANK","EQ","14-Mar-2016","        642.65","        649.90","        650.10","        632.55","        633.35","        636.80","        641.43","    2566102","      16459.80","      71906","    1898179","         73.97"
"KOTAKBANK","EQ","15-Mar-2016","        636.80","        637.90","        643.00","        632.05","        639.00","        639.50","        638.92","    2150997","      13743.12","      72622","    1466633","         68.18"
"KOTAKBANK","EQ","16-Mar-2016","        639.50","        636.50","        653.35","        635.50","        653.00","        651.25","        645.46","    2153716","      13901.47","      53058","    1225483","         56.90"
"KOTAKBANK","EQ","17-Mar-2016","        651.25","        655.90","        657.25","        644.20","        646.80","        651.25","        652.78","    5790597","      37799.94","      90650","    4824897","         83.32"
"KOTAKBANK","EQ","18-Mar-2016","        651.25","        650.00","        660.95","        648.80","        657.60","        658.80","        655.32","    1939198","      12708.04","      50000","    1264006","         65.18"
"KOTAKBANK","EQ","21-Mar-2016","        658.80","        660.05","        665.00","        652.60","        661.00","        663.70","        659.89","    1164363","       7683.53","      35851","     584664","         50.21"
"KOTAKBANK","EQ","22-Mar-2016","        663.70","        660.05","        669.85","        655.00","        668.00","        666.30","        661.34","    1179559","       7800.88","      33478","     599294","         50.81"
"KOTAKBANK","EQ","23-Mar-2016","        666.30","        666.00","        675.80","        655.10","        661.95","        659.95","        662.09","    3269570","      21647.64","      56716","    2222681","         67.98"
"KOTAKBANK","EQ","28-Mar-2016","        659.95","        664.45","        677.90","        660.55","        671.25","        669.60","        669.87","    2904848","      19458.80","      63463","    1932723","         66.53"
"KOTAKBANK","EQ","29-Mar-2016","        669.60","        670.05","        682.00","        668.95","        672.15","        671.50","        674.29","    1966330","      13258.76","      39305","    1082449","         55.05"
"KOTAKBANK","EQ","30-Mar-2016","        671.50","        675.05","        686.50","        665.50","        684.60","        683.85","        677.12","    2827418","      19144.98","      92647","    1905894","         67.41"
"KOTAKBANK","EQ","31-Mar-2016","        683.85","        677.10","        694.90","        677.10","        682.95","        680.65","        683.49","    3982132","      27217.39","      74415","    2646068","         66.45"
"KOTAKBANK","EQ","01-Apr-2016","        680.65","        682.00","        686.65","        677.15","        678.10","        679.90","        680.69","    1470326","      10008.38","      59174","     774308","         52.66"
"KOTAKBANK","EQ","04-Apr-2016","        679.90","        681.50","        689.30","        674.25","        685.30","        687.30","        680.84","    2059957","      14025.08","      52460","    1388551","         67.41"
"KOTAKBANK","EQ","05-Apr-2016","        687.30","        684.00","        684.75","        664.75","        665.50","        668.75","        674.27","    2892523","      19503.43","      51208","    1902538","         65.77"
"KOTAKBANK","EQ","06-Apr-2016","        668.75","        669.00","        674.30","        664.30","        668.40","        668.00","        669.30","    1683758","      11269.35","      74449","    1083886","         64.37"
"KOTAKBANK","EQ","07-Apr-2016","        668.00","        667.00","        668.00","        655.50","        663.85","        662.50","        662.70","    1619424","      10731.98","      69714","     936678","         57.84"
"KOTAKBANK","EQ","08-Apr-2016","        662.50","        658.10","        670.40","        658.10","        665.10","        665.35","        665.57","    1007741","       6707.27","      27284","     625166","         62.04"
"KOTAKBANK","EQ","11-Apr-2016","        665.35","        670.90","        674.95","        660.30","        669.85","        671.30","        667.55","    1990818","      13289.71","      42521","    1230445","         61.81"
"KOTAKBANK","EQ","12-Apr-2016","        671.30","        669.85","        682.05","        669.75","        682.00","        677.35","        676.66","    1185688","       8023.09","      27167","     763606","         64.40"
"KOTAKBANK","EQ","13-Apr-2016","        677.35","        687.00","        699.95","        683.20","        690.65","        692.35","        692.81","    2437798","      16889.37","      49904","    1702339","         69.83"
"KOTAKBANK","EQ","18-Apr-2016","        692.35","        691.10","        691.10","        657.70","        683.00","        683.35","        681.49","    1638201","      11164.13","      50623","     851676","         51.99"
"KOTAKBANK","EQ","20-Apr-2016","        683.35","        687.40","        692.00","        680.20","        685.60","        687.15","        686.71","    1087651","       7469.05","      39154","     665477","         61.18"
"KOTAKBANK","EQ","21-Apr-2016","        687.15","        689.00","        689.60","        683.15","        685.55","        686.70","        686.04","    2137424","      14663.50","      41638","    1509768","         70.63"
"KOTAKBANK","EQ","22-Apr-2016","        686.70","        680.05","        683.75","        672.95","        678.40","        676.10","        678.81","    1975006","      13406.48","      37058","    1492372","         75.56"
"KOTAKBANK","EQ","25-Apr-2016","        676.10","        671.10","        682.85","        671.10","        682.50","        680.45","        678.53","    1211689","       8221.70","      26929","     833539","         68.79"
"KOTAKBANK","EQ","26-Apr-2016","        680.45","        679.95","        705.00","        678.85","        704.10","        700.85","        692.68","    2108459","      14604.80","      36778","    1347560","         63.91"
"KOTAKBANK","EQ","27-Apr-2016","        700.85","        702.40","        719.80","        701.00","        711.45","        712.50","        712.52","    1929112","      13745.40","      66441","    1112804","         57.68"
"KOTAKBANK","EQ","28-Apr-2016","        712.50","        715.00","        718.40","        698.50","        701.10","        701.45","        705.98","    1515244","      10697.36","      39303","     957955","         63.22"
"KOTAKBANK","EQ","29-Apr-2016","        701.45","        699.00","        719.35","        695.50","        715.85","        717.15","        711.13","    1490141","      10596.83","      33445","     795715","         53.40"
"KOTAKBANK","EQ","02-May-2016","        717.15","        714.20","        724.75","        712.10","        717.10","        718.20","        719.45","    1296560","       9328.08","      25756","     697180","         53.77"
"KOTAKBANK","EQ","03-May-2016","        718.20","        719.00","        722.95","        699.00","        708.10","        707.45","        709.20","    1358193","       9632.33","      36880","     676379","         49.80"
"KOTAKBANK","EQ","04-May-2016","        707.45","        706.05","        720.60","        704.80","        711.00","        712.65","        716.02","    2111368","      15117.83","      48736","    1457516","         69.03"
"KOTAKBANK","EQ","05-May-2016","        712.65","        713.90","        715.25","        704.05","        710.45","        709.15","        708.64","     975973","       6916.14","      28322","     584071","         59.84"
"KOTAKBANK","EQ","06-May-2016","        709.15","        706.05","        710.00","        696.10","        703.45","        702.95","        701.34","     667263","       4679.81","      22257","     324748","         48.67"
"KOTAKBANK","EQ","09-May-2016","        702.95","        703.00","        716.00","        702.90","        714.00","        713.85","        712.75","    1885335","      13437.69","      58420","    1292287","         68.54"
"KOTAKBANK","EQ","10-May-2016","        713.85","        717.75","        730.00","        711.40","        730.00","        722.85","        717.01","    1576803","      11305.86","      36417","     984522","         62.44"
"KOTAKBANK","EQ","11-May-2016","        722.85","        717.80","        737.00","        714.00","        730.40","        731.55","        730.08","    4117417","      30060.55","      92446","    1601722","         38.90"
"KOTAKBANK","EQ","12-May-2016","        731.55","        735.70","        743.75","        721.00","        726.60","        726.75","        734.10","    2785763","      20450.32","      65184","    1435747","         51.54"
"KOTAKBANK","EQ","13-May-2016","        726.75","        727.00","        728.90","        707.00","        708.50","        708.25","        714.81","    1429506","      10218.19","      51502","     799993","         55.96"
"KOTAKBANK","EQ","16-May-2016","        708.25","        708.10","        720.00","        703.00","        716.50","        718.25","        712.05","    2438969","      17366.61","      56985","    1553045","         63.68"
"KOTAKBANK","EQ","17-May-2016","        718.25","        719.00","        725.00","        708.00","        708.05","        708.90","        716.45","    2471677","      17708.38","      53755","    1674510","         67.75"
"KOTAKBANK","EQ","18-May-2016","        708.90","        708.00","        713.65","        700.25","        710.00","        708.90","        706.38","    1147912","       8108.61","      39376","     583168","         50.80"
"KOTAKBANK","EQ","19-May-2016","        708.90","        708.25","        710.50","        701.65","        706.00","        706.05","        706.99","     964151","       6816.44","      32489","     466655","         48.40"
"KOTAKBANK","EQ","20-May-2016","        706.05","        709.90","        710.70","        700.25","        701.50","        702.15","        705.58","     600500","       4237.00","      27847","     199166","         33.17"
"KOTAKBANK","EQ","23-May-2016","        702.15","        706.00","        710.65","        701.00","        701.00","        703.15","        705.54","    1437987","      10145.52","      53362","     971028","         67.53"
"KOTAKBANK","EQ","24-May-2016","        703.15","        702.90","        702.95","        692.50","        698.05","        698.40","        697.14","    2068972","      14423.53","      45371","    1598504","         77.26"
"KOTAKBANK","EQ","25-May-2016","        698.40","        704.00","        715.50","        700.50","        714.85","        712.75","        710.50","    2907812","      20659.88","      65454","    2110594","         72.58"
"KOTAKBANK","EQ","26-May-2016","        712.75","        716.10","        739.00","        714.35","        734.00","        730.20","        723.92","    1936113","      14015.92","      40119","    1259224","         65.04"
"KOTAKBANK","EQ","27-May-2016","        730.20","        734.40","        744.65","        733.10","        738.10","        742.55","        738.55","    1293521","       9553.32","      27224","     712640","         55.09"
"KOTAKBANK","EQ","30-May-2016","        742.55","        748.70","        754.50","        740.05","        741.00","        742.60","        745.71","     729005","       5436.27","      23368","     323152","         44.33"
"KOTAKBANK","EQ","31-May-2016","        742.60","        743.30","        750.00","        739.50","        744.65","        746.55","        744.99","    1167685","       8699.13","      22934","     719243","         61.60"
"KOTAKBANK","EQ","01-Jun-2016","        746.55","        749.75","        749.75","        740.40","        749.00","        745.35","        743.22","     918251","       6824.65","      44881","     545237","         59.38"
"KOTAKBANK","EQ","02-Jun-2016","        745.35","        749.00","        750.00","        736.40","        745.95","        746.30","        742.62","    1605981","      11926.33","      45991","     916820","         57.09"
"KOTAKBANK","EQ","03-Jun-2016","        746.30","        750.00","        772.45","        743.10","        769.00","        769.30","        762.71","    2480775","      18921.12","      46213","    1573014","         63.41"
"KOTAKBANK","EQ","06-Jun-2016","        769.30","        770.10","        775.00","        762.55","        764.60","        765.25","        767.59","    1157650","       8886.00","      31442","     694299","         59.97"
"KOTAKBANK","EQ","07-Jun-2016","        765.25","        770.00","        778.85","        760.85","        769.15","        772.05","        772.20","    1857761","      14345.56","      51109","    1239973","         66.75"
"KOTAKBANK","EQ","08-Jun-2016","        772.05","        768.10","        770.00","        755.00","        759.40","        759.35","        759.23","    1227612","       9320.35","      30725","     743169","         60.54"
"KOTAKBANK","EQ","09-Jun-2016","        759.35","        761.90","        761.90","        750.10","        754.30","        752.75","        753.99","    1301396","       9812.43","      42354","     844032","         64.86"
"KOTAKBANK","EQ","10-Jun-2016","        752.75","        751.10","        757.50","        743.35","        750.00","        750.70","        750.56","    1510634","      11338.23","      49062","     980274","         64.89"
"KOTAKBANK","EQ","13-Jun-2016","        750.70","        746.00","        757.45","        745.00","        753.10","        755.90","        749.93","    1629842","      12222.63","      32062","    1135991","         69.70"
"KOTAKBANK","EQ","14-Jun-2016","        755.90","        758.50","        758.50","        749.30","        752.25","        752.10","        752.49","     663569","       4993.32","      16253","     331405","         49.94"
"KOTAKBANK","EQ","15-Jun-2016","        752.10","        757.00","        768.10","        753.00","        765.35","        765.55","        759.32","     887211","       6736.81","      18831","     549969","         61.99"
"KOTAKBANK","EQ","16-Jun-2016","        765.55","        765.90","        765.90","        746.35","        752.80","        754.45","        753.36","    1079000","       8128.72","      25516","     598938","         55.51"
"KOTAKBANK","EQ","17-Jun-2016","        754.45","        756.00","        760.85","        748.75","        749.15","        751.10","        752.22","     814258","       6125.04","      37162","     502926","         61.76"
"KOTAKBANK","EQ","20-Jun-2016","        751.10","        741.80","        756.80","        740.00","        749.25","        751.95","        752.04","     894007","       6723.28","      29539","     523956","         58.61"
"KOTAKBANK","EQ","21-Jun-2016","        751.95","        750.10","        753.55","        742.80","        744.60","        746.75","        747.46","     702853","       5253.55","      19432","     434906","         61.88"
"KOTAKBANK","EQ","22-Jun-2016","        746.75","        747.00","        750.95","        733.40","        738.60","        739.35","        745.62","    2686930","      20034.22","      59519","    2347634","         87.37"
"KOTAKBANK","EQ","23-Jun-2016","        739.35","        741.00","        750.10","        738.15","        747.05","        747.25","        742.30","     987665","       7331.40","      33470","     612079","         61.97"
"KOTAKBANK","EQ","24-Jun-2016","        747.25","        730.00","        738.05","        710.75","        732.20","        733.90","        723.39","    2002188","      14483.62","      56647","    1191020","         59.49"
"KOTAKBANK","EQ","27-Jun-2016","        733.90","        723.05","        744.60","        723.05","        738.65","        739.40","        737.80","     774869","       5716.98","      22049","     342652","         44.22"
"KOTAKBANK","EQ","28-Jun-2016","        739.40","        738.40","        747.80","        737.70","        740.00","        743.30","        743.09","     761264","       5656.88","      38787","     453407","         59.56"
"KOTAKBANK","EQ","29-Jun-2016","        743.30","        745.00","        754.00","        742.65","        750.95","        752.80","        750.21","    1477280","      11082.73","      68975","    1075630","         72.81"
"KOTAKBANK","EQ","30-Jun-2016","        752.80","        759.90","        766.55","        754.25","        761.45","        763.35","        760.91","    3334365","      25371.63","     108836","    2300759","         69.00"
"KOTAKBANK","EQ","01-Jul-2016","        763.35","        764.00","        766.00","        750.90","        752.50","        753.40","        756.51","    1565210","      11841.03","      59519","    1076580","         68.78"
"KOTAKBANK","EQ","04-Jul-2016","        753.40","        755.50","        756.25","        741.20","        742.90","        743.95","        746.67","    1172694","       8756.20","      28285","     749717","         63.93"
"KOTAKBANK","EQ","05-Jul-2016","        743.95","        744.45","        747.40","        738.40","        740.00","        740.40","        743.38","    1125300","       8365.23","      16670","     732806","         65.12"
"KOTAKBANK","EQ","07-Jul-2016","        740.40","        741.00","        751.50","        739.15","        745.00","        745.90","        744.81","     963213","       7174.06","      39307","     515161","         53.48"
"KOTAKBANK","EQ","08-Jul-2016","        745.90","        745.10","        747.70","        737.60","        742.00","        743.45","        743.33","     604463","       4493.13","      31635","     329974","         54.59"
"KOTAKBANK","EQ","11-Jul-2016","        743.45","        750.95","        763.00","        747.10","        761.50","        760.55","        755.86","    1871614","      14146.85","      55341","    1485544","         79.37"
"KOTAKBANK","EQ","12-Jul-2016","        760.55","        765.00","        766.75","        757.95","        762.05","        763.65","        762.29","    1541569","      11751.28","      51261","     768466","         49.85"
"KOTAKBANK","EQ","13-Jul-2016","        763.65","        763.45","        776.75","        760.45","        775.30","        775.00","        771.17","    2018597","      15566.78","      42505","    1297149","         64.26"
"KOTAKBANK","EQ","14-Jul-2016","        775.00","        779.00","        784.00","        774.40","        775.75","        780.20","        780.57","    1555879","      12144.74","      46435","     987134","         63.45"
"KOTAKBANK","EQ","15-Jul-2016","        780.20","        779.00","        781.00","        767.65","        771.55","        772.15","        773.40","    2059278","      15926.50","      81730","    1620877","         78.71"
"KOTAKBANK","EQ","18-Jul-2016","        772.15","        775.00","        782.85","        769.35","        780.00","        776.80","        776.43","    2358938","      18315.42","      63943","    1579479","         66.96"
"KOTAKBANK","EQ","19-Jul-2016","        776.80","        779.50","        781.45","        769.40","        777.80","        777.80","        776.39","    1608870","      12491.09","      37136","    1085611","         67.48"
"KOTAKBANK","EQ","20-Jul-2016","        777.80","        778.00","        784.35","        778.00","        781.90","        782.20","        781.65","    1316948","      10293.87","      39061","     966468","         73.39"
"KOTAKBANK","EQ","21-Jul-2016","        782.20","        786.50","        787.50","        759.00","        760.50","        760.65","        771.48","    3849134","      29695.39","      72994","    1580325","         41.06"
"KOTAKBANK","EQ","22-Jul-2016","        760.65","        762.00","        764.90","        753.25","        759.95","        760.05","        760.68","    1429617","      10874.82","      29555","     716007","         50.08"
"KOTAKBANK","EQ","25-Jul-2016","        760.05","        761.95","        773.20","        750.00","        765.10","        764.40","        758.05","    3393118","      25721.53","      68512","    2501296","         73.72"
"KOTAKBANK","EQ","26-Jul-2016","        764.40","        765.50","        766.00","        746.35","        753.90","        751.70","        756.74","    1749020","      13235.55","      46980","    1266519","         72.41"
"KOTAKBANK","EQ","27-Jul-2016","        751.70","        752.10","        760.00","        745.50","        752.65","        754.00","        753.69","    1076756","       8115.35","      34312","     690530","         64.13"
"KOTAKBANK","EQ","28-Jul-2016","        754.00","        756.00","        760.05","        745.65","        755.00","        750.35","        750.54","    3435526","      25784.83","      55965","    2813642","         81.90"
"KOTAKBANK","EQ","29-Jul-2016","        750.35","        751.50","        766.15","        749.30","        763.00","        763.50","        757.62","    1457598","      11043.00","      28804","    1057291","         72.54"
"KOTAKBANK","EQ","01-Aug-2016","        763.50","        766.00","        769.45","        748.00","        756.50","        753.15","        754.79","    1750650","      13213.75","      38118","    1238037","         70.72"
"KOTAKBANK","EQ","02-Aug-2016","        753.15","        750.30","        763.00","        749.90","        761.15","        760.10","        754.41","    1495743","      11284.01","      31476","    1068813","         71.46"
"KOTAKBANK","EQ","03-Aug-2016","        760.10","        759.00","        764.00","        754.80","        757.45","        756.20","        758.98","    1344312","      10203.02","      42905","     944434","         70.25"
"KOTAKBANK","EQ","04-Aug-2016","        756.20","        759.75","        761.30","        751.00","        755.95","        756.40","        756.48","    1249512","       9452.28","      48954","     892259","         71.41"
"KOTAKBANK","EQ","05-Aug-2016","        756.40","        759.80","        776.00","        756.60","        770.55","        774.35","        766.89","    2365366","      18139.64","      40272","    1805551","         76.33"
"KOTAKBANK","EQ","08-Aug-2016","        774.35","        777.00","        781.80","        767.95","        769.05","        771.50","        775.42","    1659840","      12870.76","      34548","    1351400","         81.42"
"KOTAKBANK","EQ","09-Aug-2016","        771.50","        772.80","        772.90","        760.10","        765.50","        764.75","        766.51","     877535","       6726.35","      29193","     508675","         57.97"
"KOTAKBANK","EQ","10-Aug-2016","        764.75","        769.70","        769.70","        758.65","        761.30","        761.25","        763.88","    1093959","       8356.49","      15036","     744054","         68.01"
"KOTAKBANK","EQ","11-Aug-2016","        761.25","        761.00","        768.95","        759.15","        766.60","        764.65","        764.60","    1006546","       7696.03","      37581","     644177","         64.00"
"KOTAKBANK","EQ","12-Aug-2016","        764.65","        771.90","        771.90","        760.00","        760.20","        762.90","        766.06","    1128132","       8642.14","      14772","     761158","         67.47"
"KOTAKBANK","EQ","16-Aug-2016","        762.90","        766.50","        775.90","        762.15","        771.75","        772.80","        770.06","    1826143","      14062.32","      31272","    1410806","         77.26"
"KOTAKBANK","EQ","17-Aug-2016","        772.80","        771.00","        771.60","        761.10","        766.00","        765.65","        765.44","     814886","       6237.44","      27352","     533013","         65.41"
"KOTAKBANK","EQ","18-Aug-2016","        765.65","        766.90","        785.95","        766.85","        784.00","        784.40","        779.89","    1765760","      13770.96","      38101","    1115165","         63.15"
"KOTAKBANK","EQ","19-Aug-2016","        784.40","        785.95","        785.95","        774.00","        780.00","        778.75","        779.20","     996170","       7762.17","      27262","     624047","         62.64"
"KOTAKBANK","EQ","22-Aug-2016","        778.75","        780.00","        782.00","        768.80","        773.90","        772.85","        773.15","     612762","       4737.60","      24897","     373082","         60.89"
"KOTAKBANK","EQ","23-Aug-2016","        772.85","        773.35","        780.00","        771.05","        779.10","        778.35","        774.83","     572986","       4439.68","      16348","     373283","         65.15"
"KOTAKBANK","EQ","24-Aug-2016","        778.35","        779.00","        781.90","        772.10","        776.60","        777.00","        776.68","    1141719","       8867.50","      22836","     843425","         73.87"
"KOTAKBANK","EQ","25-Aug-2016","        777.00","        778.00","        784.00","        772.05","        781.00","        780.75","        777.91","    1477112","      11490.61","      20473","     899171","         60.87"
"KOTAKBANK","EQ","26-Aug-2016","        780.75","        782.50","        789.00","        772.85","        781.00","        780.80","        780.54","     853973","       6665.62","      19467","     410187","         48.03"
"KOTAKBANK","EQ","29-Aug-2016","        780.80","        780.70","        788.90","        775.15","        780.00","        781.40","        783.74","     762039","       5972.38","      16621","     417641","         54.81"
"KOTAKBANK","EQ","30-Aug-2016","        781.40","        781.90","        787.05","        780.20","        784.60","        786.15","        785.13","     799025","       6273.35","      17075","     465793","         58.30"
"KOTAKBANK","EQ","31-Aug-2016","        786.15","        795.00","        814.95","        793.15","        809.00","        806.90","        805.82","    3346444","      26966.27","      59733","    1745738","         52.17"
"KOTAKBANK","EQ","01-Sep-2016","        806.90","        813.00","        817.45","        807.50","        812.50","        810.70","        811.68","    1161928","       9431.10","      35156","     634861","         54.64"
"KOTAKBANK","EQ","02-Sep-2016","        810.70","        812.00","        815.75","        808.30","        813.10","        813.60","        812.54","     930759","       7562.77","      22244","     608985","         65.43"
"KOTAKBANK","EQ","06-Sep-2016","        813.60","        819.90","        822.00","        815.00","        818.75","        818.05","        817.42","    1027879","       8402.08","      33864","     722776","         70.32"
"KOTAKBANK","EQ","07-Sep-2016","        818.05","        818.85","        823.00","        802.45","        804.75","        804.10","        807.69","    1171053","       9458.51","      17378","     797175","         68.07"
"KOTAKBANK","EQ","08-Sep-2016","        804.10","        804.75","        822.30","        800.25","        818.00","        819.75","        814.62","    1724362","      14047.01","      29935","     980629","         56.87"
"KOTAKBANK","EQ","09-Sep-2016","        819.75","        819.70","        825.40","        808.60","        818.10","        818.85","        817.52","    1144933","       9360.10","      61244","     632554","         55.25"
"KOTAKBANK","EQ","12-Sep-2016","        818.85","        811.95","        815.00","        805.00","        814.00","        813.30","        810.49","     741529","       6010.01","      19619","     325344","         43.87"
"KOTAKBANK","EQ","14-Sep-2016","        813.30","        813.90","        820.00","        803.30","        805.80","        805.95","        807.26","    2041155","      16477.42","      45021","    1371327","         67.18"
"KOTAKBANK","EQ","15-Sep-2016","        805.95","        806.95","        811.75","        803.30","        808.10","        808.60","        806.92","    1182665","       9543.16","      22044","     847486","         71.66"
"KOTAKBANK","EQ","16-Sep-2016","        808.60","        810.90","        819.95","        804.70","        805.90","        806.60","        809.00","    4352409","      35211.04","      66399","    3736245","         85.84"
"KOTAKBANK","EQ","19-Sep-2016","        806.60","        808.40","        812.20","        799.10","        802.00","        802.85","        803.91","    2257955","      18151.89","      32666","    1614210","         71.49"
"KOTAKBANK","EQ","20-Sep-2016","        802.85","        802.00","        803.30","        791.50","        792.50","        792.75","        794.63","    1557067","      12372.87","      42718","     908910","         58.37"
"KOTAKBANK","EQ","21-Sep-2016","        792.75","        794.10","        795.75","        786.65","        788.60","        788.40","        790.88","    2317848","      18331.39","      55912","    1479276","         63.82"
"KOTAKBANK","EQ","22-Sep-2016","        788.40","        799.00","        801.90","        791.00","        794.15","        795.15","        795.39","    2111498","      16794.75","      41128","    1532390","         72.57"
"KOTAKBANK","EQ","23-Sep-2016","        795.15","        795.70","        803.40","        793.05","        793.10","        796.15","        798.32","    4190651","      33454.67","      50877","    3561014","         84.98"
"KOTAKBANK","EQ","26-Sep-2016","        796.15","        792.15","        794.25","        784.35","        786.50","        787.75","        789.31","    1117777","       8822.71","      42722","     804907","         72.01"
"KOTAKBANK","EQ","27-Sep-2016","        787.75","        785.25","        798.25","        782.50","        785.75","        784.45","        790.74","    1427314","      11286.34","      32408","    1028452","         72.06"
"KOTAKBANK","EQ","28-Sep-2016","        784.45","        783.00","        791.80","        778.50","        782.50","        782.30","        782.25","    1955271","      15295.05","      35367","    1612881","         82.49"
"KOTAKBANK","EQ","29-Sep-2016","        782.30","        787.50","        799.45","        769.25","        778.70","        772.60","        782.59","   55058370","     430879.01","      78342","   50367449","         91.48"
"KOTAKBANK","EQ","30-Sep-2016","        772.60","        772.00","        782.30","        766.10","        780.20","        777.00","        773.14","    2432078","      18803.38","      45558","    1636807","         67.30"
"KOTAKBANK","EQ","03-Oct-2016","        777.00","        788.95","        792.70","        783.15","        789.45","        788.05","        788.16","     982792","       7746.00","      25048","     537856","         54.73"
"KOTAKBANK","EQ","04-Oct-2016","        788.05","        790.90","        796.60","        782.30","        790.35","        791.70","        792.32","    1152157","       9128.82","      24821","     632448","         54.89"
"KOTAKBANK","EQ","05-Oct-2016","        791.70","        794.80","        794.80","        780.50","        780.50","        782.15","        785.15","    1007548","       7910.72","      13596","     626532","         62.18"
"KOTAKBANK","EQ","06-Oct-2016","        782.15","        782.00","        790.00","        777.50","        780.70","        783.00","        786.19","    1362633","      10712.83","      32002","    1014384","         74.44"
"KOTAKBANK","EQ","07-Oct-2016","        783.00","        782.60","        785.00","        775.15","        782.55","        782.65","        782.18","     740458","       5791.68","      14263","     386693","         52.22"
"KOTAKBANK","EQ","10-Oct-2016","        782.65","        784.90","        785.50","        779.00","        780.25","        780.20","        781.50","     749600","       5858.10","      17423","     455585","         60.78"
